<?xml version="1.0" encoding="UTF-8"?>
<Configuration status="WARN" monitorInterval="30">
    <Properties>
        <Property name="LOG_PATTERN">%d{yyyy-MM-dd HH:mm:ss.SSS} %5p ${hostName}--- [%15.15t] %-40.40c{1.} : %m%n%ex</Property>
    </Properties>
    <Appenders>
        <Console name="Console" target="SYSTEM_OUT" follow="true">
            <PatternLayout pattern="${LOG_PATTERN}" />
        </Console>
 
        <RollingFile name="FileAppender" fileName="/opt/tomcat/logs/GCB.log" filePattern="/opt/tomcat/logs/GCB-%d{yyyy-MM-dd}-%i.log">
			<PatternLayout>
				<Pattern>${LOG_PATTERN}</Pattern>
			</PatternLayout>
			<Policies>
			<!--	<SizeBasedTriggeringPolicy size="10MB" /> -->
				<TimeBasedTriggeringPolicy interval="1" />
			</Policies>
			<DefaultRolloverStrategy max="30" />
		</RollingFile>
 
    </Appenders>
    <Loggers>
 
       <Logger  name="com.ge.gcb" level="debug" additivity="false">
			<AppenderRef ref="Console" />
			<AppenderRef ref="FileAppender" />
		</Logger >

		<Root level="info">
			<AppenderRef ref="Console" />
			<AppenderRef ref="FileAppender" />
		</Root>
    </Loggers>
</Configuration>